{"created_at":"2019-01-02T05:58:15.758Z","updated_at":"2019-01-02T06:02:35.420Z","title":"Product","uid":"product","_version":3,"inbuilt_class":false,"schema":[{"display_name":"Title","uid":"title","data_type":"text","mandatory":true,"unique":true,"field_metadata":{"_default":true,"version":3},"multiple":false},{"display_name":"URL","uid":"url","data_type":"text","mandatory":false,"field_metadata":{"_default":true,"version":3},"multiple":false,"unique":false},{"data_type":"text","display_name":"Description","uid":"description","field_metadata":{"description":"","default_value":"","multiline":true,"version":3},"format":"","error_messages":{"format":""},"multiple":false,"mandatory":false,"unique":false},{"data_type":"file","display_name":"Featured Image","uid":"featured_image","extensions":[],"field_metadata":{"description":"","rich_text_type":"standard","image":true,"options":[]},"mandatory":true,"multiple":true,"dimension":{"width":{"min":null,"max":null},"height":{"min":null,"max":null}},"unique":false},{"data_type":"number","display_name":"Price","uid":"price","field_metadata":{"description":"","default_value":null},"mandatory":true,"multiple":false,"unique":false}],"last_activity":{"environments":[{"uid":"blt815d65764f71d7ba","details":[{"locale":"en-us","time":"2019-01-02T07:06:02.140Z"}]}]},"maintain_revisions":true,"description":"","options":{"is_page":true,"singleton":false,"title":"title","sub_title":[],"url_pattern":"/:unique_id","url_prefix":"/product/"},"abilities":{"get_one_object":true,"get_all_objects":true,"create_object":true,"update_object":true,"delete_object":true,"delete_all_objects":true},"DEFAULT_ACL":[{"k":"others","v":{"read":false,"create":false}},{"k":"users.bltac008ba33c69fe11","v":{"read":true,"sub_acl":{"read":true}}}],"SYS_ACL":{"roles":[]}}